{
    "img_coord": [
        [
            328.0,
            248.0
        ],
        [
            336.0,
            248.0
        ],
        [
            344.0,
            248.0
        ],
        [
            352.0,
            248.0
        ],
        [
            360.0,
            248.0
        ],
        [
            368.0,
            248.0
        ],
        [
            328.0,
            256.0
        ],
        [
            336.0,
            256.0
        ],
        [
            344.0,
            256.0
        ],
        [
            352.0,
            256.0
        ],
        [
            360.0,
            256.0
        ],
        [
            368.0,
            256.0
        ],
        [
            328.0,
            264.0
        ],
        [
            336.0,
            264.0
        ],
        [
            344.0,
            264.0
        ],
        [
            352.0,
            264.0
        ],
        [
            360.0,
            264.0
        ],
        [
            368.0,
            264.0
        ]
    ],
    "world_coord": [
        [
            10.0,
            10.0,
            0.0
        ],
        [
            20.0,
            10.0,
            0.0
        ],
        [
            30.0,
            10.0,
            0.0
        ],
        [
            40.0,
            10.0,
            0.0
        ],
        [
            50.0,
            10.0,
            0.0
        ],
        [
            60.0,
            10.0,
            0.0
        ],
        [
            10.0,
            20.0,
            0.0
        ],
        [
            20.0,
            20.0,
            0.0
        ],
        [
            30.0,
            20.0,
            0.0
        ],
        [
            40.0,
            20.0,
            0.0
        ],
        [
            50.0,
            20.0,
            0.0
        ],
        [
            60.0,
            20.0,
            0.0
        ],
        [
            10.0,
            30.0,
            0.0
        ],
        [
            20.0,
            30.0,
            0.0
        ],
        [
            30.0,
            30.0,
            0.0
        ],
        [
            40.0,
            30.0,
            0.0
        ],
        [
            50.0,
            30.0,
            0.0
        ],
        [
            60.0,
            30.0,
            0.0
        ]
    ],
    "fx": 0.7999975085258484,
    "fy": 0.7999984622001648,
    "cx": 320.0000915527344,
    "cy": 240.00003051757812,
    "R": [
        [
            1.0,
            0.0,
            0.0
        ],
        [
            0.0,
            1.0,
            0.0
        ],
        [
            0.0,
            0.0,
            1.0
        ]
    ],
    "T": [
        [
            0.0
        ],
        [
            0.0
        ],
        [
            1.0
        ]
    ]
}